-- --------------------------------------------------------
-- Host:                         127.0.0.1
-- Server version:               5.7.33 - MySQL Community Server (GPL)
-- Server OS:                    Win64
-- HeidiSQL Version:             11.2.0.6213
-- --------------------------------------------------------

/*!40101 SET @OLD_CHARACTER_SET_CLIENT=@@CHARACTER_SET_CLIENT */;
/*!40101 SET NAMES utf8 */;
/*!50503 SET NAMES utf8mb4 */;
/*!40014 SET @OLD_FOREIGN_KEY_CHECKS=@@FOREIGN_KEY_CHECKS, FOREIGN_KEY_CHECKS=0 */;
/*!40101 SET @OLD_SQL_MODE=@@SQL_MODE, SQL_MODE='NO_AUTO_VALUE_ON_ZERO' */;
/*!40111 SET @OLD_SQL_NOTES=@@SQL_NOTES, SQL_NOTES=0 */;

-- Dumping data for table quiz.failed_jobs: ~0 rows (approximately)
DELETE FROM `failed_jobs`;
/*!40000 ALTER TABLE `failed_jobs` DISABLE KEYS */;
/*!40000 ALTER TABLE `failed_jobs` ENABLE KEYS */;

-- Dumping data for table quiz.migrations: ~9 rows (approximately)
DELETE FROM `migrations`;
/*!40000 ALTER TABLE `migrations` DISABLE KEYS */;
INSERT INTO `migrations` (`id`, `migration`, `batch`) VALUES
	(1, '2014_10_12_000000_create_users_table', 1),
	(2, '2014_10_12_100000_create_password_resets_table', 1),
	(3, '2019_08_19_000000_create_failed_jobs_table', 1),
	(4, '2021_06_26_065636_create_questions_table', 1),
	(5, '2021_06_26_071938_create_options_table', 1),
	(6, '2021_06_26_072005_create_quizzes_table', 1),
	(7, '2021_06_26_082638_create_quiz_questions_table', 1),
	(8, '2021_06_26_121411_create_user_quizzes_table', 1),
	(9, '2021_06_26_121634_create_user_quiz_questions_table', 1);
/*!40000 ALTER TABLE `migrations` ENABLE KEYS */;

-- Dumping data for table quiz.options: ~306 rows (approximately)
DELETE FROM `options`;
/*!40000 ALTER TABLE `options` DISABLE KEYS */;
INSERT INTO `options` (`id`, `title`, `position`, `question_id`, `is_answer`, `created_at`, `updated_at`) VALUES
	(1, 'dolores', NULL, 1, 1, '2021-06-26 12:18:17', '2021-06-26 12:18:17'),
	(2, 'consectetur', NULL, 1, 1, '2021-06-26 12:18:17', '2021-06-26 12:18:17'),
	(3, 'optio', NULL, 2, 1, '2021-06-26 12:18:17', '2021-06-26 12:18:17'),
	(4, 'velit', NULL, 2, 0, '2021-06-26 12:18:17', '2021-06-26 12:18:17'),
	(5, 'quam', NULL, 2, 1, '2021-06-26 12:18:17', '2021-06-26 12:18:17'),
	(6, 'iste', NULL, 2, 1, '2021-06-26 12:18:17', '2021-06-26 12:18:17'),
	(7, 'id', NULL, 3, 1, '2021-06-26 12:18:17', '2021-06-26 12:18:17'),
	(8, 'vel', NULL, 3, 1, '2021-06-26 12:18:17', '2021-06-26 12:18:17'),
	(9, 'ipsum', NULL, 4, 1, '2021-06-26 12:18:17', '2021-06-26 12:18:17'),
	(10, 'vel', NULL, 4, 0, '2021-06-26 12:18:17', '2021-06-26 12:18:17'),
	(11, 'et', NULL, 4, 1, '2021-06-26 12:18:17', '2021-06-26 12:18:17'),
	(12, 'laborum', NULL, 5, 1, '2021-06-26 12:18:17', '2021-06-26 12:18:17'),
	(13, 'minus', NULL, 5, 1, '2021-06-26 12:18:17', '2021-06-26 12:18:17'),
	(14, 'voluptas', NULL, 5, 0, '2021-06-26 12:18:17', '2021-06-26 12:18:17'),
	(15, 'sunt', NULL, 5, 1, '2021-06-26 12:18:17', '2021-06-26 12:18:17'),
	(16, 'aut', NULL, 6, 0, '2021-06-26 12:18:17', '2021-06-26 12:18:17'),
	(17, 'nulla', NULL, 6, 1, '2021-06-26 12:18:17', '2021-06-26 12:18:17'),
	(18, 'sed', NULL, 6, 1, '2021-06-26 12:18:17', '2021-06-26 12:18:17'),
	(19, 'doloremque', NULL, 6, 1, '2021-06-26 12:18:17', '2021-06-26 12:18:17'),
	(20, 'non', NULL, 7, 1, '2021-06-26 12:18:17', '2021-06-26 12:18:17'),
	(21, 'et', NULL, 7, 0, '2021-06-26 12:18:17', '2021-06-26 12:18:17'),
	(22, 'repellendus', NULL, 7, 1, '2021-06-26 12:18:17', '2021-06-26 12:18:17'),
	(23, 'illum', NULL, 8, 1, '2021-06-26 12:18:17', '2021-06-26 12:18:17'),
	(24, 'dolor', NULL, 8, 0, '2021-06-26 12:18:17', '2021-06-26 12:18:17'),
	(25, 'alias', NULL, 8, 1, '2021-06-26 12:18:17', '2021-06-26 12:18:17'),
	(26, 'officiis', NULL, 8, 1, '2021-06-26 12:18:17', '2021-06-26 12:18:17'),
	(27, 'est', NULL, 9, 1, '2021-06-26 12:18:17', '2021-06-26 12:18:17'),
	(28, 'exercitationem', NULL, 9, 0, '2021-06-26 12:18:17', '2021-06-26 12:18:17'),
	(29, 'cupiditate', NULL, 9, 0, '2021-06-26 12:18:17', '2021-06-26 12:18:17'),
	(30, 'odio', NULL, 9, 0, '2021-06-26 12:18:17', '2021-06-26 12:18:17'),
	(31, 'omnis', NULL, 10, 1, '2021-06-26 12:18:17', '2021-06-26 12:18:17'),
	(32, 'iste', NULL, 10, 1, '2021-06-26 12:18:17', '2021-06-26 12:18:17'),
	(33, 'consequatur', NULL, 10, 0, '2021-06-26 12:18:17', '2021-06-26 12:18:17'),
	(34, 'facilis', NULL, 10, 0, '2021-06-26 12:18:17', '2021-06-26 12:18:17'),
	(35, 'asperiores', NULL, 11, 0, '2021-06-26 12:18:17', '2021-06-26 12:18:17'),
	(36, 'odio', NULL, 11, 0, '2021-06-26 12:18:17', '2021-06-26 12:18:17'),
	(37, 'fuga', NULL, 11, 1, '2021-06-26 12:18:17', '2021-06-26 12:18:17'),
	(38, 'laboriosam', NULL, 12, 1, '2021-06-26 12:18:17', '2021-06-26 12:18:17'),
	(39, 'voluptatem', NULL, 12, 0, '2021-06-26 12:18:17', '2021-06-26 12:18:17'),
	(40, 'velit', NULL, 13, 0, '2021-06-26 12:18:17', '2021-06-26 12:18:17'),
	(41, 'cumque', NULL, 13, 0, '2021-06-26 12:18:17', '2021-06-26 12:18:17'),
	(42, 'et', NULL, 13, 1, '2021-06-26 12:18:17', '2021-06-26 12:18:17'),
	(43, 'doloremque', NULL, 14, 1, '2021-06-26 12:18:17', '2021-06-26 12:18:17'),
	(44, 'reiciendis', NULL, 14, 1, '2021-06-26 12:18:17', '2021-06-26 12:18:17'),
	(45, 'beatae', NULL, 14, 0, '2021-06-26 12:18:17', '2021-06-26 12:18:17'),
	(46, 'ducimus', NULL, 15, 0, '2021-06-26 12:18:17', '2021-06-26 12:18:17'),
	(47, 'quam', NULL, 15, 1, '2021-06-26 12:18:17', '2021-06-26 12:18:17'),
	(48, 'illum', NULL, 15, 1, '2021-06-26 12:18:17', '2021-06-26 12:18:17'),
	(49, 'nulla', NULL, 16, 1, '2021-06-26 12:18:17', '2021-06-26 12:18:17'),
	(50, 'ipsam', NULL, 16, 0, '2021-06-26 12:18:17', '2021-06-26 12:18:17'),
	(51, 'repudiandae', NULL, 16, 0, '2021-06-26 12:18:17', '2021-06-26 12:18:17'),
	(52, 'culpa', NULL, 17, 0, '2021-06-26 12:18:17', '2021-06-26 12:18:17'),
	(53, 'nisi', NULL, 17, 0, '2021-06-26 12:18:17', '2021-06-26 12:18:17'),
	(54, 'laboriosam', NULL, 17, 0, '2021-06-26 12:18:17', '2021-06-26 12:18:17'),
	(55, 'iure', NULL, 17, 1, '2021-06-26 12:18:17', '2021-06-26 12:18:17'),
	(56, 'unde', NULL, 18, 1, '2021-06-26 12:18:17', '2021-06-26 12:18:17'),
	(57, 'sunt', NULL, 18, 0, '2021-06-26 12:18:17', '2021-06-26 12:18:17'),
	(58, 'commodi', NULL, 19, 1, '2021-06-26 12:18:17', '2021-06-26 12:18:17'),
	(59, 'voluptatem', NULL, 19, 1, '2021-06-26 12:18:17', '2021-06-26 12:18:17'),
	(60, 'culpa', NULL, 19, 1, '2021-06-26 12:18:17', '2021-06-26 12:18:17'),
	(61, 'dignissimos', NULL, 20, 1, '2021-06-26 12:18:17', '2021-06-26 12:18:17'),
	(62, 'labore', NULL, 20, 1, '2021-06-26 12:18:17', '2021-06-26 12:18:17'),
	(63, 'culpa', NULL, 20, 0, '2021-06-26 12:18:17', '2021-06-26 12:18:17'),
	(64, 'non', NULL, 21, 1, '2021-06-26 12:18:17', '2021-06-26 12:18:17'),
	(65, 'dolor', NULL, 21, 1, '2021-06-26 12:18:17', '2021-06-26 12:18:17'),
	(66, 'deserunt', NULL, 21, 1, '2021-06-26 12:18:17', '2021-06-26 12:18:17'),
	(67, 'ab', NULL, 21, 0, '2021-06-26 12:18:17', '2021-06-26 12:18:17'),
	(68, 'iusto', NULL, 22, 1, '2021-06-26 12:18:17', '2021-06-26 12:18:17'),
	(69, 'esse', NULL, 22, 1, '2021-06-26 12:18:17', '2021-06-26 12:18:17'),
	(70, 'illo', NULL, 23, 1, '2021-06-26 12:18:17', '2021-06-26 12:18:17'),
	(71, 'qui', NULL, 23, 1, '2021-06-26 12:18:17', '2021-06-26 12:18:17'),
	(72, 'adipisci', NULL, 23, 1, '2021-06-26 12:18:17', '2021-06-26 12:18:17'),
	(73, 'laboriosam', NULL, 23, 0, '2021-06-26 12:18:17', '2021-06-26 12:18:17'),
	(74, 'ut', NULL, 24, 0, '2021-06-26 12:18:17', '2021-06-26 12:18:17'),
	(75, 'quia', NULL, 24, 1, '2021-06-26 12:18:17', '2021-06-26 12:18:17'),
	(76, 'veritatis', NULL, 25, 0, '2021-06-26 12:18:17', '2021-06-26 12:18:17'),
	(77, 'qui', NULL, 25, 1, '2021-06-26 12:18:17', '2021-06-26 12:18:17'),
	(78, 'qui', NULL, 25, 1, '2021-06-26 12:18:17', '2021-06-26 12:18:17'),
	(79, 'rem', NULL, 25, 1, '2021-06-26 12:18:17', '2021-06-26 12:18:17'),
	(80, 'veniam', NULL, 26, 1, '2021-06-26 12:18:17', '2021-06-26 12:18:17'),
	(81, 'sint', NULL, 26, 0, '2021-06-26 12:18:17', '2021-06-26 12:18:17'),
	(82, 'qui', NULL, 26, 1, '2021-06-26 12:18:17', '2021-06-26 12:18:17'),
	(83, 'atque', NULL, 26, 1, '2021-06-26 12:18:17', '2021-06-26 12:18:17'),
	(84, 'optio', NULL, 27, 1, '2021-06-26 12:18:17', '2021-06-26 12:18:17'),
	(85, 'sit', NULL, 27, 0, '2021-06-26 12:18:17', '2021-06-26 12:18:17'),
	(86, 'vitae', NULL, 27, 1, '2021-06-26 12:18:17', '2021-06-26 12:18:17'),
	(87, 'rerum', NULL, 28, 1, '2021-06-26 12:18:17', '2021-06-26 12:18:17'),
	(88, 'ipsa', NULL, 28, 0, '2021-06-26 12:18:17', '2021-06-26 12:18:17'),
	(89, 'et', NULL, 29, 1, '2021-06-26 12:18:17', '2021-06-26 12:18:17'),
	(90, 'vel', NULL, 29, 0, '2021-06-26 12:18:17', '2021-06-26 12:18:17'),
	(91, 'sit', NULL, 29, 1, '2021-06-26 12:18:17', '2021-06-26 12:18:17'),
	(92, 'reprehenderit', NULL, 30, 0, '2021-06-26 12:18:17', '2021-06-26 12:18:17'),
	(93, 'voluptatem', NULL, 30, 1, '2021-06-26 12:18:17', '2021-06-26 12:18:17'),
	(94, 'sunt', NULL, 30, 0, '2021-06-26 12:18:17', '2021-06-26 12:18:17'),
	(95, 'dolores', NULL, 30, 0, '2021-06-26 12:18:17', '2021-06-26 12:18:17'),
	(96, 'laudantium', NULL, 31, 1, '2021-06-26 12:18:17', '2021-06-26 12:18:17'),
	(97, 'libero', NULL, 31, 0, '2021-06-26 12:18:17', '2021-06-26 12:18:17'),
	(98, 'animi', NULL, 31, 1, '2021-06-26 12:18:17', '2021-06-26 12:18:17'),
	(99, 'exercitationem', NULL, 31, 1, '2021-06-26 12:18:17', '2021-06-26 12:18:17'),
	(100, 'aliquid', NULL, 32, 1, '2021-06-26 12:18:17', '2021-06-26 12:18:17'),
	(101, 'odio', NULL, 32, 0, '2021-06-26 12:18:17', '2021-06-26 12:18:17'),
	(102, 'qui', NULL, 32, 1, '2021-06-26 12:18:17', '2021-06-26 12:18:17'),
	(103, 'recusandae', NULL, 33, 0, '2021-06-26 12:18:17', '2021-06-26 12:18:17'),
	(104, 'sit', NULL, 33, 0, '2021-06-26 12:18:17', '2021-06-26 12:18:17'),
	(105, 'sed', NULL, 33, 0, '2021-06-26 12:18:17', '2021-06-26 12:18:17'),
	(106, 'delectus', NULL, 33, 0, '2021-06-26 12:18:17', '2021-06-26 12:18:17'),
	(107, 'impedit', NULL, 34, 0, '2021-06-26 12:18:17', '2021-06-26 12:18:17'),
	(108, 'ut', NULL, 34, 0, '2021-06-26 12:18:17', '2021-06-26 12:18:17'),
	(109, 'doloribus', NULL, 34, 1, '2021-06-26 12:18:17', '2021-06-26 12:18:17'),
	(110, 'odio', NULL, 35, 0, '2021-06-26 12:18:17', '2021-06-26 12:18:17'),
	(111, 'vel', NULL, 35, 0, '2021-06-26 12:18:17', '2021-06-26 12:18:17'),
	(112, 'quae', NULL, 35, 1, '2021-06-26 12:18:17', '2021-06-26 12:18:17'),
	(113, 'dolor', NULL, 36, 1, '2021-06-26 12:18:17', '2021-06-26 12:18:17'),
	(114, 'dolores', NULL, 36, 0, '2021-06-26 12:18:17', '2021-06-26 12:18:17'),
	(115, 'voluptas', NULL, 36, 0, '2021-06-26 12:18:17', '2021-06-26 12:18:17'),
	(116, 'et', NULL, 36, 0, '2021-06-26 12:18:17', '2021-06-26 12:18:17'),
	(117, 'recusandae', NULL, 37, 0, '2021-06-26 12:18:17', '2021-06-26 12:18:17'),
	(118, 'provident', NULL, 37, 0, '2021-06-26 12:18:17', '2021-06-26 12:18:17'),
	(119, 'quam', NULL, 37, 1, '2021-06-26 12:18:17', '2021-06-26 12:18:17'),
	(120, 'ex', NULL, 37, 1, '2021-06-26 12:18:17', '2021-06-26 12:18:17'),
	(121, 'labore', NULL, 38, 0, '2021-06-26 12:18:17', '2021-06-26 12:18:17'),
	(122, 'molestias', NULL, 38, 0, '2021-06-26 12:18:17', '2021-06-26 12:18:17'),
	(123, 'occaecati', NULL, 38, 0, '2021-06-26 12:18:17', '2021-06-26 12:18:17'),
	(124, 'sint', NULL, 38, 1, '2021-06-26 12:18:17', '2021-06-26 12:18:17'),
	(125, 'consequatur', NULL, 39, 0, '2021-06-26 12:18:17', '2021-06-26 12:18:17'),
	(126, 'aliquam', NULL, 39, 1, '2021-06-26 12:18:17', '2021-06-26 12:18:17'),
	(127, 'consequatur', NULL, 40, 1, '2021-06-26 12:18:17', '2021-06-26 12:18:17'),
	(128, 'voluptas', NULL, 40, 1, '2021-06-26 12:18:17', '2021-06-26 12:18:17'),
	(129, 'aliquid', NULL, 40, 1, '2021-06-26 12:18:17', '2021-06-26 12:18:17'),
	(130, 'qui', NULL, 41, 0, '2021-06-26 12:18:17', '2021-06-26 12:18:17'),
	(131, 'qui', NULL, 41, 1, '2021-06-26 12:18:17', '2021-06-26 12:18:17'),
	(132, 'illum', NULL, 42, 0, '2021-06-26 12:18:17', '2021-06-26 12:18:17'),
	(133, 'molestiae', NULL, 42, 0, '2021-06-26 12:18:17', '2021-06-26 12:18:17'),
	(134, 'alias', NULL, 42, 1, '2021-06-26 12:18:17', '2021-06-26 12:18:17'),
	(135, 'velit', NULL, 42, 1, '2021-06-26 12:18:17', '2021-06-26 12:18:17'),
	(136, 'et', NULL, 43, 1, '2021-06-26 12:18:17', '2021-06-26 12:18:17'),
	(137, 'cupiditate', NULL, 43, 1, '2021-06-26 12:18:17', '2021-06-26 12:18:17'),
	(138, 'commodi', NULL, 43, 0, '2021-06-26 12:18:17', '2021-06-26 12:18:17'),
	(139, 'molestias', NULL, 44, 1, '2021-06-26 12:18:17', '2021-06-26 12:18:17'),
	(140, 'animi', NULL, 44, 1, '2021-06-26 12:18:17', '2021-06-26 12:18:17'),
	(141, 'iste', NULL, 44, 1, '2021-06-26 12:18:17', '2021-06-26 12:18:17'),
	(142, 'omnis', NULL, 45, 0, '2021-06-26 12:18:17', '2021-06-26 12:18:17'),
	(143, 'temporibus', NULL, 45, 0, '2021-06-26 12:18:17', '2021-06-26 12:18:17'),
	(144, 'id', NULL, 46, 0, '2021-06-26 12:18:17', '2021-06-26 12:18:17'),
	(145, 'enim', NULL, 46, 0, '2021-06-26 12:18:17', '2021-06-26 12:18:17'),
	(146, 'voluptas', NULL, 47, 1, '2021-06-26 12:18:17', '2021-06-26 12:18:17'),
	(147, 'earum', NULL, 47, 0, '2021-06-26 12:18:17', '2021-06-26 12:18:17'),
	(148, 'eum', NULL, 47, 0, '2021-06-26 12:18:17', '2021-06-26 12:18:17'),
	(149, 'dolorem', NULL, 48, 0, '2021-06-26 12:18:17', '2021-06-26 12:18:17'),
	(150, 'qui', NULL, 48, 0, '2021-06-26 12:18:17', '2021-06-26 12:18:17'),
	(151, 'ea', NULL, 48, 1, '2021-06-26 12:18:17', '2021-06-26 12:18:17'),
	(152, 'et', NULL, 49, 1, '2021-06-26 12:18:17', '2021-06-26 12:18:17'),
	(153, 'vero', NULL, 49, 1, '2021-06-26 12:18:17', '2021-06-26 12:18:17'),
	(154, 'est', NULL, 49, 1, '2021-06-26 12:18:17', '2021-06-26 12:18:17'),
	(155, 'excepturi', NULL, 50, 0, '2021-06-26 12:18:17', '2021-06-26 12:18:17'),
	(156, 'alias', NULL, 50, 0, '2021-06-26 12:18:17', '2021-06-26 12:18:17'),
	(157, 'odit', NULL, 50, 0, '2021-06-26 12:18:17', '2021-06-26 12:18:17'),
	(158, 'tenetur', NULL, 50, 0, '2021-06-26 12:18:17', '2021-06-26 12:18:17'),
	(159, 'impedit', NULL, 51, 1, '2021-06-26 12:18:17', '2021-06-26 12:18:17'),
	(160, 'autem', NULL, 51, 0, '2021-06-26 12:18:17', '2021-06-26 12:18:17'),
	(161, 'sequi', NULL, 51, 0, '2021-06-26 12:18:17', '2021-06-26 12:18:17'),
	(162, 'qui', NULL, 52, 0, '2021-06-26 12:18:17', '2021-06-26 12:18:17'),
	(163, 'optio', NULL, 52, 1, '2021-06-26 12:18:17', '2021-06-26 12:18:17'),
	(164, 'voluptatem', NULL, 53, 1, '2021-06-26 12:18:17', '2021-06-26 12:18:17'),
	(165, 'veniam', NULL, 53, 0, '2021-06-26 12:18:17', '2021-06-26 12:18:17'),
	(166, 'numquam', NULL, 53, 1, '2021-06-26 12:18:17', '2021-06-26 12:18:17'),
	(167, 'soluta', NULL, 53, 0, '2021-06-26 12:18:17', '2021-06-26 12:18:17'),
	(168, 'labore', NULL, 54, 0, '2021-06-26 12:18:17', '2021-06-26 12:18:17'),
	(169, 'porro', NULL, 54, 1, '2021-06-26 12:18:17', '2021-06-26 12:18:17'),
	(170, 'beatae', NULL, 55, 1, '2021-06-26 12:18:17', '2021-06-26 12:18:17'),
	(171, 'quaerat', NULL, 55, 0, '2021-06-26 12:18:17', '2021-06-26 12:18:17'),
	(172, 'vitae', NULL, 55, 1, '2021-06-26 12:18:17', '2021-06-26 12:18:17'),
	(173, 'voluptas', NULL, 56, 0, '2021-06-26 12:18:17', '2021-06-26 12:18:17'),
	(174, 'distinctio', NULL, 56, 0, '2021-06-26 12:18:17', '2021-06-26 12:18:17'),
	(175, 'ipsum', NULL, 56, 1, '2021-06-26 12:18:17', '2021-06-26 12:18:17'),
	(176, 'quis', NULL, 57, 0, '2021-06-26 12:18:17', '2021-06-26 12:18:17'),
	(177, 'porro', NULL, 57, 0, '2021-06-26 12:18:17', '2021-06-26 12:18:17'),
	(178, 'et', NULL, 57, 1, '2021-06-26 12:18:17', '2021-06-26 12:18:17'),
	(179, 'suscipit', NULL, 57, 1, '2021-06-26 12:18:17', '2021-06-26 12:18:17'),
	(180, 'qui', NULL, 58, 0, '2021-06-26 12:18:17', '2021-06-26 12:18:17'),
	(181, 'dolor', NULL, 58, 0, '2021-06-26 12:18:17', '2021-06-26 12:18:17'),
	(182, 'aut', NULL, 58, 0, '2021-06-26 12:18:17', '2021-06-26 12:18:17'),
	(183, 'sunt', NULL, 59, 1, '2021-06-26 12:18:17', '2021-06-26 12:18:17'),
	(184, 'animi', NULL, 59, 0, '2021-06-26 12:18:17', '2021-06-26 12:18:17'),
	(185, 'eligendi', NULL, 59, 1, '2021-06-26 12:18:17', '2021-06-26 12:18:17'),
	(186, 'nostrum', NULL, 59, 1, '2021-06-26 12:18:17', '2021-06-26 12:18:17'),
	(187, 'saepe', NULL, 60, 0, '2021-06-26 12:18:17', '2021-06-26 12:18:17'),
	(188, 'est', NULL, 60, 1, '2021-06-26 12:18:17', '2021-06-26 12:18:17'),
	(189, 'ab', NULL, 60, 0, '2021-06-26 12:18:17', '2021-06-26 12:18:17'),
	(190, 'dolorem', NULL, 61, 0, '2021-06-26 12:18:17', '2021-06-26 12:18:17'),
	(191, 'mollitia', NULL, 61, 1, '2021-06-26 12:18:17', '2021-06-26 12:18:17'),
	(192, 'fugit', NULL, 62, 0, '2021-06-26 12:18:17', '2021-06-26 12:18:17'),
	(193, 'dolore', NULL, 62, 1, '2021-06-26 12:18:17', '2021-06-26 12:18:17'),
	(194, 'nostrum', NULL, 62, 0, '2021-06-26 12:18:17', '2021-06-26 12:18:17'),
	(195, 'voluptatem', NULL, 62, 1, '2021-06-26 12:18:17', '2021-06-26 12:18:17'),
	(196, 'et', NULL, 63, 0, '2021-06-26 12:18:17', '2021-06-26 12:18:17'),
	(197, 'repellat', NULL, 63, 1, '2021-06-26 12:18:17', '2021-06-26 12:18:17'),
	(198, 'qui', NULL, 63, 1, '2021-06-26 12:18:17', '2021-06-26 12:18:17'),
	(199, 'fugit', NULL, 63, 0, '2021-06-26 12:18:17', '2021-06-26 12:18:17'),
	(200, 'aspernatur', NULL, 64, 1, '2021-06-26 12:18:17', '2021-06-26 12:18:17'),
	(201, 'eligendi', NULL, 64, 1, '2021-06-26 12:18:17', '2021-06-26 12:18:17'),
	(202, 'illum', NULL, 64, 1, '2021-06-26 12:18:17', '2021-06-26 12:18:17'),
	(203, 'et', NULL, 65, 1, '2021-06-26 12:18:17', '2021-06-26 12:18:17'),
	(204, 'vitae', NULL, 65, 0, '2021-06-26 12:18:17', '2021-06-26 12:18:17'),
	(205, 'laboriosam', NULL, 65, 1, '2021-06-26 12:18:17', '2021-06-26 12:18:17'),
	(206, 'accusamus', NULL, 66, 0, '2021-06-26 12:18:17', '2021-06-26 12:18:17'),
	(207, 'et', NULL, 66, 1, '2021-06-26 12:18:17', '2021-06-26 12:18:17'),
	(208, 'necessitatibus', NULL, 66, 0, '2021-06-26 12:18:17', '2021-06-26 12:18:17'),
	(209, 'ab', NULL, 66, 0, '2021-06-26 12:18:17', '2021-06-26 12:18:17'),
	(210, 'neque', NULL, 67, 0, '2021-06-26 12:18:17', '2021-06-26 12:18:17'),
	(211, 'dolore', NULL, 67, 0, '2021-06-26 12:18:17', '2021-06-26 12:18:17'),
	(212, 'ut', NULL, 67, 1, '2021-06-26 12:18:17', '2021-06-26 12:18:17'),
	(213, 'explicabo', NULL, 68, 0, '2021-06-26 12:18:17', '2021-06-26 12:18:17'),
	(214, 'dolores', NULL, 68, 0, '2021-06-26 12:18:17', '2021-06-26 12:18:17'),
	(215, 'vitae', NULL, 69, 1, '2021-06-26 12:18:17', '2021-06-26 12:18:17'),
	(216, 'quisquam', NULL, 69, 1, '2021-06-26 12:18:17', '2021-06-26 12:18:17'),
	(217, 'illum', NULL, 69, 0, '2021-06-26 12:18:17', '2021-06-26 12:18:17'),
	(218, 'qui', NULL, 70, 0, '2021-06-26 12:18:17', '2021-06-26 12:18:17'),
	(219, 'odio', NULL, 70, 0, '2021-06-26 12:18:17', '2021-06-26 12:18:17'),
	(220, 'similique', NULL, 70, 1, '2021-06-26 12:18:17', '2021-06-26 12:18:17'),
	(221, 'aut', NULL, 71, 1, '2021-06-26 12:18:17', '2021-06-26 12:18:17'),
	(222, 'in', NULL, 71, 0, '2021-06-26 12:18:17', '2021-06-26 12:18:17'),
	(223, 'eum', NULL, 71, 1, '2021-06-26 12:18:17', '2021-06-26 12:18:17'),
	(224, 'et', NULL, 71, 1, '2021-06-26 12:18:17', '2021-06-26 12:18:17'),
	(225, 'eligendi', NULL, 72, 1, '2021-06-26 12:18:17', '2021-06-26 12:18:17'),
	(226, 'sit', NULL, 72, 1, '2021-06-26 12:18:17', '2021-06-26 12:18:17'),
	(227, 'et', NULL, 72, 1, '2021-06-26 12:18:17', '2021-06-26 12:18:17'),
	(228, 'quidem', NULL, 72, 0, '2021-06-26 12:18:17', '2021-06-26 12:18:17'),
	(229, 'sint', NULL, 73, 0, '2021-06-26 12:18:17', '2021-06-26 12:18:17'),
	(230, 'quia', NULL, 73, 0, '2021-06-26 12:18:17', '2021-06-26 12:18:17'),
	(231, 'in', NULL, 74, 1, '2021-06-26 12:18:17', '2021-06-26 12:18:17'),
	(232, 'quo', NULL, 74, 0, '2021-06-26 12:18:17', '2021-06-26 12:18:17'),
	(233, 'sit', NULL, 74, 1, '2021-06-26 12:18:17', '2021-06-26 12:18:17'),
	(234, 'consectetur', NULL, 75, 1, '2021-06-26 12:18:17', '2021-06-26 12:18:17'),
	(235, 'voluptas', NULL, 75, 1, '2021-06-26 12:18:17', '2021-06-26 12:18:17'),
	(236, 'accusantium', NULL, 76, 0, '2021-06-26 12:18:17', '2021-06-26 12:18:17'),
	(237, 'est', NULL, 76, 0, '2021-06-26 12:18:17', '2021-06-26 12:18:17'),
	(238, 'necessitatibus', NULL, 77, 0, '2021-06-26 12:18:17', '2021-06-26 12:18:17'),
	(239, 'dolorem', NULL, 77, 0, '2021-06-26 12:18:17', '2021-06-26 12:18:17'),
	(240, 'illum', NULL, 77, 0, '2021-06-26 12:18:17', '2021-06-26 12:18:17'),
	(241, 'autem', NULL, 77, 1, '2021-06-26 12:18:17', '2021-06-26 12:18:17'),
	(242, 'est', NULL, 78, 0, '2021-06-26 12:18:17', '2021-06-26 12:18:17'),
	(243, 'repellendus', NULL, 78, 0, '2021-06-26 12:18:17', '2021-06-26 12:18:17'),
	(244, 'perspiciatis', NULL, 79, 0, '2021-06-26 12:18:17', '2021-06-26 12:18:17'),
	(245, 'natus', NULL, 79, 1, '2021-06-26 12:18:17', '2021-06-26 12:18:17'),
	(246, 'officiis', NULL, 79, 1, '2021-06-26 12:18:17', '2021-06-26 12:18:17'),
	(247, 'atque', NULL, 79, 1, '2021-06-26 12:18:17', '2021-06-26 12:18:17'),
	(248, 'et', NULL, 80, 1, '2021-06-26 12:18:17', '2021-06-26 12:18:17'),
	(249, 'sint', NULL, 80, 1, '2021-06-26 12:18:17', '2021-06-26 12:18:17'),
	(250, 'ut', NULL, 81, 0, '2021-06-26 12:18:17', '2021-06-26 12:18:17'),
	(251, 'aut', NULL, 81, 0, '2021-06-26 12:18:17', '2021-06-26 12:18:17'),
	(252, 'quos', NULL, 81, 1, '2021-06-26 12:18:17', '2021-06-26 12:18:17'),
	(253, 'consectetur', NULL, 82, 0, '2021-06-26 12:18:17', '2021-06-26 12:18:17'),
	(254, 'veritatis', NULL, 82, 1, '2021-06-26 12:18:17', '2021-06-26 12:18:17'),
	(255, 'debitis', NULL, 82, 1, '2021-06-26 12:18:17', '2021-06-26 12:18:17'),
	(256, 'aut', NULL, 83, 1, '2021-06-26 12:18:17', '2021-06-26 12:18:17'),
	(257, 'eveniet', NULL, 83, 0, '2021-06-26 12:18:17', '2021-06-26 12:18:17'),
	(258, 'ut', NULL, 84, 1, '2021-06-26 12:18:17', '2021-06-26 12:18:17'),
	(259, 'consequatur', NULL, 84, 1, '2021-06-26 12:18:17', '2021-06-26 12:18:17'),
	(260, 'doloremque', NULL, 85, 1, '2021-06-26 12:18:17', '2021-06-26 12:18:17'),
	(261, 'odio', NULL, 85, 1, '2021-06-26 12:18:17', '2021-06-26 12:18:17'),
	(262, 'aut', NULL, 85, 1, '2021-06-26 12:18:17', '2021-06-26 12:18:17'),
	(263, 'dolor', NULL, 86, 1, '2021-06-26 12:18:17', '2021-06-26 12:18:17'),
	(264, 'voluptatem', NULL, 86, 1, '2021-06-26 12:18:17', '2021-06-26 12:18:17'),
	(265, 'libero', NULL, 87, 0, '2021-06-26 12:18:17', '2021-06-26 12:18:17'),
	(266, 'praesentium', NULL, 87, 0, '2021-06-26 12:18:17', '2021-06-26 12:18:17'),
	(267, 'minima', NULL, 87, 0, '2021-06-26 12:18:17', '2021-06-26 12:18:17'),
	(268, 'in', NULL, 88, 1, '2021-06-26 12:18:17', '2021-06-26 12:18:17'),
	(269, 'quisquam', NULL, 88, 1, '2021-06-26 12:18:17', '2021-06-26 12:18:17'),
	(270, 'et', NULL, 88, 0, '2021-06-26 12:18:17', '2021-06-26 12:18:17'),
	(271, 'magnam', NULL, 88, 0, '2021-06-26 12:18:17', '2021-06-26 12:18:17'),
	(272, 'et', NULL, 89, 1, '2021-06-26 12:18:17', '2021-06-26 12:18:17'),
	(273, 'rerum', NULL, 89, 1, '2021-06-26 12:18:17', '2021-06-26 12:18:17'),
	(274, 'magnam', NULL, 89, 0, '2021-06-26 12:18:17', '2021-06-26 12:18:17'),
	(275, 'quia', NULL, 90, 1, '2021-06-26 12:18:17', '2021-06-26 12:18:17'),
	(276, 'placeat', NULL, 90, 1, '2021-06-26 12:18:17', '2021-06-26 12:18:17'),
	(277, 'dolorum', NULL, 91, 0, '2021-06-26 12:18:17', '2021-06-26 12:18:17'),
	(278, 'similique', NULL, 91, 1, '2021-06-26 12:18:17', '2021-06-26 12:18:17'),
	(279, 'nisi', NULL, 92, 1, '2021-06-26 12:18:17', '2021-06-26 12:18:17'),
	(280, 'a', NULL, 92, 1, '2021-06-26 12:18:17', '2021-06-26 12:18:17'),
	(281, 'eaque', NULL, 92, 1, '2021-06-26 12:18:17', '2021-06-26 12:18:17'),
	(282, 'possimus', NULL, 92, 0, '2021-06-26 12:18:17', '2021-06-26 12:18:17'),
	(283, 'velit', NULL, 93, 1, '2021-06-26 12:18:17', '2021-06-26 12:18:17'),
	(284, 'aut', NULL, 93, 1, '2021-06-26 12:18:17', '2021-06-26 12:18:17'),
	(285, 'tenetur', NULL, 93, 0, '2021-06-26 12:18:17', '2021-06-26 12:18:17'),
	(286, 'error', NULL, 94, 1, '2021-06-26 12:18:17', '2021-06-26 12:18:17'),
	(287, 'qui', NULL, 94, 0, '2021-06-26 12:18:17', '2021-06-26 12:18:17'),
	(288, 'quis', NULL, 95, 0, '2021-06-26 12:18:17', '2021-06-26 12:18:17'),
	(289, 'praesentium', NULL, 95, 1, '2021-06-26 12:18:17', '2021-06-26 12:18:17'),
	(290, 'omnis', NULL, 95, 1, '2021-06-26 12:18:17', '2021-06-26 12:18:17'),
	(291, 'perferendis', NULL, 96, 1, '2021-06-26 12:18:17', '2021-06-26 12:18:17'),
	(292, 'quia', NULL, 96, 1, '2021-06-26 12:18:17', '2021-06-26 12:18:17'),
	(293, 'corrupti', NULL, 96, 0, '2021-06-26 12:18:17', '2021-06-26 12:18:17'),
	(294, 'alias', NULL, 97, 0, '2021-06-26 12:18:17', '2021-06-26 12:18:17'),
	(295, 'placeat', NULL, 97, 0, '2021-06-26 12:18:17', '2021-06-26 12:18:17'),
	(296, 'doloribus', NULL, 97, 1, '2021-06-26 12:18:17', '2021-06-26 12:18:17'),
	(297, 'et', NULL, 98, 0, '2021-06-26 12:18:17', '2021-06-26 12:18:17'),
	(298, 'quo', NULL, 98, 1, '2021-06-26 12:18:17', '2021-06-26 12:18:17'),
	(299, 'doloribus', NULL, 98, 1, '2021-06-26 12:18:17', '2021-06-26 12:18:17'),
	(300, 'ipsum', NULL, 99, 0, '2021-06-26 12:18:17', '2021-06-26 12:18:17'),
	(301, 'sint', NULL, 99, 0, '2021-06-26 12:18:17', '2021-06-26 12:18:17'),
	(302, 'nihil', NULL, 99, 0, '2021-06-26 12:18:17', '2021-06-26 12:18:17'),
	(303, 'nobis', NULL, 99, 0, '2021-06-26 12:18:17', '2021-06-26 12:18:17'),
	(304, 'velit', NULL, 100, 0, '2021-06-26 12:18:17', '2021-06-26 12:18:17'),
	(305, 'error', NULL, 100, 1, '2021-06-26 12:18:17', '2021-06-26 12:18:17'),
	(306, 'quod', NULL, 100, 1, '2021-06-26 12:18:17', '2021-06-26 12:18:17');
/*!40000 ALTER TABLE `options` ENABLE KEYS */;

-- Dumping data for table quiz.password_resets: ~0 rows (approximately)
DELETE FROM `password_resets`;
/*!40000 ALTER TABLE `password_resets` DISABLE KEYS */;
/*!40000 ALTER TABLE `password_resets` ENABLE KEYS */;

-- Dumping data for table quiz.questions: ~100 rows (approximately)
DELETE FROM `questions`;
/*!40000 ALTER TABLE `questions` DISABLE KEYS */;
INSERT INTO `questions` (`id`, `title`, `status`, `created_at`, `updated_at`) VALUES
	(1, 'Maxime qui nihil soluta est voluptatum.', 1, '2021-06-26 12:18:16', '2021-06-26 12:18:16'),
	(2, 'Illum distinctio velit quae ab dolorem in repellat.', 1, '2021-06-26 12:18:16', '2021-06-26 12:18:16'),
	(3, 'Ex quas error aliquam id natus unde nesciunt.', 1, '2021-06-26 12:18:16', '2021-06-26 12:18:16'),
	(4, 'Ipsam molestias omnis dolor rerum.', 1, '2021-06-26 12:18:16', '2021-06-26 12:18:16'),
	(5, 'Et consequatur quia sunt quos.', 1, '2021-06-26 12:18:16', '2021-06-26 12:18:16'),
	(6, 'Assumenda dignissimos consectetur accusantium unde quis.', 1, '2021-06-26 12:18:16', '2021-06-26 12:18:16'),
	(7, 'Fuga vitae temporibus alias rerum.', 1, '2021-06-26 12:18:16', '2021-06-26 12:18:16'),
	(8, 'Praesentium quam et distinctio et quo corrupti.', 1, '2021-06-26 12:18:16', '2021-06-26 12:18:16'),
	(9, 'Aliquid nihil nesciunt et laudantium voluptatibus.', 1, '2021-06-26 12:18:16', '2021-06-26 12:18:16'),
	(10, 'Qui et quaerat corrupti placeat aut ea.', 1, '2021-06-26 12:18:16', '2021-06-26 12:18:16'),
	(11, 'Iure omnis quia ex explicabo aut nihil.', 1, '2021-06-26 12:18:16', '2021-06-26 12:18:16'),
	(12, 'Excepturi aut a adipisci omnis molestiae.', 1, '2021-06-26 12:18:16', '2021-06-26 12:18:16'),
	(13, 'Incidunt perferendis blanditiis occaecati enim unde quia.', 1, '2021-06-26 12:18:16', '2021-06-26 12:18:16'),
	(14, 'Architecto labore voluptas id explicabo nesciunt.', 1, '2021-06-26 12:18:16', '2021-06-26 12:18:16'),
	(15, 'Ex nihil occaecati sint voluptatem dolores.', 1, '2021-06-26 12:18:16', '2021-06-26 12:18:16'),
	(16, 'Maiores voluptate ducimus iste incidunt voluptatem ipsa ullam.', 1, '2021-06-26 12:18:16', '2021-06-26 12:18:16'),
	(17, 'Nesciunt ipsa placeat explicabo facere magnam perspiciatis.', 1, '2021-06-26 12:18:16', '2021-06-26 12:18:16'),
	(18, 'Similique consequatur assumenda et voluptatem totam numquam quia.', 1, '2021-06-26 12:18:16', '2021-06-26 12:18:16'),
	(19, 'Dolor earum facere ex nesciunt sit et harum.', 1, '2021-06-26 12:18:16', '2021-06-26 12:18:16'),
	(20, 'Ducimus quam cumque unde nulla laboriosam aut sed.', 1, '2021-06-26 12:18:16', '2021-06-26 12:18:16'),
	(21, 'Quis enim nulla cupiditate dicta.', 1, '2021-06-26 12:18:16', '2021-06-26 12:18:16'),
	(22, 'Ducimus voluptatem facere voluptates expedita ab.', 1, '2021-06-26 12:18:16', '2021-06-26 12:18:16'),
	(23, 'Quibusdam ullam unde fugiat.', 1, '2021-06-26 12:18:16', '2021-06-26 12:18:16'),
	(24, 'Qui repellendus delectus ipsam id suscipit quia.', 1, '2021-06-26 12:18:16', '2021-06-26 12:18:16'),
	(25, 'Suscipit labore qui qui omnis doloribus consequuntur assumenda.', 1, '2021-06-26 12:18:16', '2021-06-26 12:18:16'),
	(26, 'Quia at quidem quisquam.', 1, '2021-06-26 12:18:16', '2021-06-26 12:18:16'),
	(27, 'Dolores aut voluptatum et vero.', 1, '2021-06-26 12:18:16', '2021-06-26 12:18:16'),
	(28, 'Incidunt culpa eos magnam enim.', 1, '2021-06-26 12:18:16', '2021-06-26 12:18:16'),
	(29, 'Officia nihil aut ratione deleniti est voluptas at.', 1, '2021-06-26 12:18:16', '2021-06-26 12:18:16'),
	(30, 'Praesentium ratione nesciunt iusto dicta quam tempora.', 1, '2021-06-26 12:18:16', '2021-06-26 12:18:16'),
	(31, 'Deleniti quae nihil consequatur.', 1, '2021-06-26 12:18:16', '2021-06-26 12:18:16'),
	(32, 'Rerum non est nesciunt beatae consequatur consequatur fugiat.', 1, '2021-06-26 12:18:16', '2021-06-26 12:18:16'),
	(33, 'Quos dolore sunt et ea consequatur.', 1, '2021-06-26 12:18:16', '2021-06-26 12:18:16'),
	(34, 'Ratione qui quam aut ut similique vitae.', 1, '2021-06-26 12:18:16', '2021-06-26 12:18:16'),
	(35, 'Quia quod quia alias praesentium cum quaerat.', 1, '2021-06-26 12:18:16', '2021-06-26 12:18:16'),
	(36, 'Quis atque et id consectetur iste quaerat.', 1, '2021-06-26 12:18:16', '2021-06-26 12:18:16'),
	(37, 'Dolore quo enim quae vitae.', 1, '2021-06-26 12:18:16', '2021-06-26 12:18:16'),
	(38, 'Fugiat dignissimos temporibus non rerum omnis aut.', 1, '2021-06-26 12:18:16', '2021-06-26 12:18:16'),
	(39, 'Provident provident atque ut consequuntur.', 1, '2021-06-26 12:18:16', '2021-06-26 12:18:16'),
	(40, 'Consequuntur sit voluptas cum et perferendis veniam.', 1, '2021-06-26 12:18:16', '2021-06-26 12:18:16'),
	(41, 'Doloribus voluptate maxime iure dolorem est soluta.', 1, '2021-06-26 12:18:16', '2021-06-26 12:18:16'),
	(42, 'Consequatur eos molestias suscipit.', 1, '2021-06-26 12:18:16', '2021-06-26 12:18:16'),
	(43, 'Repellat est nihil et dolore laboriosam.', 1, '2021-06-26 12:18:16', '2021-06-26 12:18:16'),
	(44, 'Vel nihil porro deleniti non qui ab.', 1, '2021-06-26 12:18:16', '2021-06-26 12:18:16'),
	(45, 'Sunt aut consectetur aperiam non.', 1, '2021-06-26 12:18:16', '2021-06-26 12:18:16'),
	(46, 'Impedit molestias non quisquam impedit neque sequi.', 1, '2021-06-26 12:18:16', '2021-06-26 12:18:16'),
	(47, 'Quasi quo qui sit aliquam voluptatibus saepe iusto rerum.', 1, '2021-06-26 12:18:16', '2021-06-26 12:18:16'),
	(48, 'Eius ut delectus dolorem eos.', 1, '2021-06-26 12:18:16', '2021-06-26 12:18:16'),
	(49, 'Aut reiciendis maxime non minus sapiente est.', 1, '2021-06-26 12:18:16', '2021-06-26 12:18:16'),
	(50, 'Voluptatem sint qui nulla voluptatibus dignissimos quisquam quis.', 1, '2021-06-26 12:18:16', '2021-06-26 12:18:16'),
	(51, 'Quo minima perferendis vitae quos qui nemo.', 1, '2021-06-26 12:18:16', '2021-06-26 12:18:16'),
	(52, 'Ipsum sed optio voluptatem excepturi.', 1, '2021-06-26 12:18:16', '2021-06-26 12:18:16'),
	(53, 'Et explicabo veritatis blanditiis commodi consequatur.', 1, '2021-06-26 12:18:16', '2021-06-26 12:18:16'),
	(54, 'Natus quisquam facere sapiente itaque.', 1, '2021-06-26 12:18:16', '2021-06-26 12:18:16'),
	(55, 'Commodi sequi sunt quo.', 1, '2021-06-26 12:18:16', '2021-06-26 12:18:16'),
	(56, 'Illum optio eos mollitia dolorem quia porro qui reiciendis.', 1, '2021-06-26 12:18:16', '2021-06-26 12:18:16'),
	(57, 'Excepturi doloremque enim quae nam quidem animi voluptatum.', 1, '2021-06-26 12:18:17', '2021-06-26 12:18:17'),
	(58, 'Et qui distinctio qui dolore.', 1, '2021-06-26 12:18:17', '2021-06-26 12:18:17'),
	(59, 'Tenetur assumenda qui veniam dolores voluptas aliquam.', 1, '2021-06-26 12:18:17', '2021-06-26 12:18:17'),
	(60, 'Iure suscipit et vel excepturi non.', 1, '2021-06-26 12:18:17', '2021-06-26 12:18:17'),
	(61, 'Aut nulla aliquid et incidunt dolorem maiores nulla saepe.', 1, '2021-06-26 12:18:17', '2021-06-26 12:18:17'),
	(62, 'Eligendi eligendi vel aperiam commodi necessitatibus iure nobis.', 1, '2021-06-26 12:18:17', '2021-06-26 12:18:17'),
	(63, 'Sapiente dolores eos tempora non vel.', 1, '2021-06-26 12:18:17', '2021-06-26 12:18:17'),
	(64, 'Quaerat ut doloribus sed est cumque a.', 1, '2021-06-26 12:18:17', '2021-06-26 12:18:17'),
	(65, 'Delectus voluptatem aut autem velit.', 1, '2021-06-26 12:18:17', '2021-06-26 12:18:17'),
	(66, 'Eaque iusto iusto ut dignissimos et qui reiciendis.', 1, '2021-06-26 12:18:17', '2021-06-26 12:18:17'),
	(67, 'Ipsam voluptas quia sed et consectetur.', 1, '2021-06-26 12:18:17', '2021-06-26 12:18:17'),
	(68, 'Fugit nostrum nostrum ut reiciendis.', 1, '2021-06-26 12:18:17', '2021-06-26 12:18:17'),
	(69, 'Enim quibusdam dolorum ad blanditiis sunt ipsum.', 1, '2021-06-26 12:18:17', '2021-06-26 12:18:17'),
	(70, 'Officiis aliquid eligendi ea sint.', 1, '2021-06-26 12:18:17', '2021-06-26 12:18:17'),
	(71, 'Sit voluptatem assumenda placeat voluptatum et.', 1, '2021-06-26 12:18:17', '2021-06-26 12:18:17'),
	(72, 'Perferendis beatae perspiciatis modi eius dolorem sit repellendus.', 1, '2021-06-26 12:18:17', '2021-06-26 12:18:17'),
	(73, 'Corporis tenetur aut aut quis et inventore quas.', 1, '2021-06-26 12:18:17', '2021-06-26 12:18:17'),
	(74, 'Ut animi sunt amet.', 1, '2021-06-26 12:18:17', '2021-06-26 12:18:17'),
	(75, 'Ab expedita iusto velit deleniti consequatur in.', 1, '2021-06-26 12:18:17', '2021-06-26 12:18:17'),
	(76, 'Eos repudiandae dolorem enim id dicta.', 1, '2021-06-26 12:18:17', '2021-06-26 12:18:17'),
	(77, 'Vitae et ad inventore.', 1, '2021-06-26 12:18:17', '2021-06-26 12:18:17'),
	(78, 'Ut nobis impedit ducimus molestias iure sunt.', 1, '2021-06-26 12:18:17', '2021-06-26 12:18:17'),
	(79, 'Dolorem aut eaque ut consequuntur provident odit.', 1, '2021-06-26 12:18:17', '2021-06-26 12:18:17'),
	(80, 'Aliquid vitae eum nihil sit perspiciatis.', 1, '2021-06-26 12:18:17', '2021-06-26 12:18:17'),
	(81, 'Voluptatem quia assumenda non molestiae magnam optio.', 1, '2021-06-26 12:18:17', '2021-06-26 12:18:17'),
	(82, 'Qui porro omnis ea ea minus adipisci ipsum necessitatibus.', 1, '2021-06-26 12:18:17', '2021-06-26 12:18:17'),
	(83, 'Velit enim quo aut aut aliquam veritatis temporibus.', 1, '2021-06-26 12:18:17', '2021-06-26 12:18:17'),
	(84, 'Veniam est et repellat magnam voluptas asperiores nostrum.', 1, '2021-06-26 12:18:17', '2021-06-26 12:18:17'),
	(85, 'Recusandae saepe cumque distinctio laborum et deleniti autem ad.', 1, '2021-06-26 12:18:17', '2021-06-26 12:18:17'),
	(86, 'Quia occaecati odio dignissimos beatae voluptates reiciendis atque.', 1, '2021-06-26 12:18:17', '2021-06-26 12:18:17'),
	(87, 'Sed eius facere et delectus voluptas.', 1, '2021-06-26 12:18:17', '2021-06-26 12:18:17'),
	(88, 'Aut aspernatur magni nihil sint.', 1, '2021-06-26 12:18:17', '2021-06-26 12:18:17'),
	(89, 'Eveniet rerum facere porro dolorem dolorem est ut.', 1, '2021-06-26 12:18:17', '2021-06-26 12:18:17'),
	(90, 'Laborum et et inventore dolor tempore nisi.', 1, '2021-06-26 12:18:17', '2021-06-26 12:18:17'),
	(91, 'Nihil ut et quo perspiciatis iure odio fuga placeat.', 1, '2021-06-26 12:18:17', '2021-06-26 12:18:17'),
	(92, 'Corporis ea dicta ipsum molestiae quod.', 1, '2021-06-26 12:18:17', '2021-06-26 12:18:17'),
	(93, 'Reprehenderit sed aperiam qui sunt veniam exercitationem fugit.', 1, '2021-06-26 12:18:17', '2021-06-26 12:18:17'),
	(94, 'Quis quo et et numquam laborum.', 1, '2021-06-26 12:18:17', '2021-06-26 12:18:17'),
	(95, 'Nostrum accusamus est eaque velit assumenda porro.', 1, '2021-06-26 12:18:17', '2021-06-26 12:18:17'),
	(96, 'At praesentium ut optio rem suscipit quia quia.', 1, '2021-06-26 12:18:17', '2021-06-26 12:18:17'),
	(97, 'Hic in vitae reprehenderit autem.', 1, '2021-06-26 12:18:17', '2021-06-26 12:18:17'),
	(98, 'At magnam officia voluptatibus iure pariatur aut.', 1, '2021-06-26 12:18:17', '2021-06-26 12:18:17'),
	(99, 'Occaecati facere ut ut incidunt minima aut.', 1, '2021-06-26 12:18:17', '2021-06-26 12:18:17'),
	(100, 'Dignissimos vero nam laboriosam asperiores ipsam asperiores.', 1, '2021-06-26 12:18:17', '2021-06-26 12:18:17');
/*!40000 ALTER TABLE `questions` ENABLE KEYS */;

-- Dumping data for table quiz.quizzes: ~10 rows (approximately)
DELETE FROM `quizzes`;
/*!40000 ALTER TABLE `quizzes` DISABLE KEYS */;
INSERT INTO `quizzes` (`id`, `title`, `status`, `created_at`, `updated_at`) VALUES
	(1, 'Sed magni veniam nesciunt eum.', 1, '2021-06-26 12:18:17', '2021-06-26 12:18:17'),
	(2, 'Hic tempore velit repellat dolore.', 1, '2021-06-26 12:18:17', '2021-06-26 12:18:17'),
	(3, 'A tempora laboriosam iure nihil.', 1, '2021-06-26 12:18:17', '2021-06-26 12:18:17'),
	(4, 'Est error consectetur perspiciatis ea.', 1, '2021-06-26 12:18:17', '2021-06-26 12:18:17'),
	(5, 'Iste qui perferendis facilis.', 1, '2021-06-26 12:18:17', '2021-06-26 12:18:17'),
	(6, 'Non est totam ipsum ut.', 1, '2021-06-26 12:18:17', '2021-06-26 12:18:17'),
	(7, 'Consequatur voluptatum aut est blanditiis.', 1, '2021-06-26 12:18:17', '2021-06-26 12:18:17'),
	(8, 'A quis rerum enim dignissimos ut.', 1, '2021-06-26 12:18:17', '2021-06-26 12:18:17'),
	(9, 'Ex magni reiciendis asperiores nostrum non.', 1, '2021-06-26 12:18:17', '2021-06-26 12:18:17'),
	(10, 'Tenetur dolorem eos hic.', 1, '2021-06-26 12:18:17', '2021-06-26 12:18:17');
/*!40000 ALTER TABLE `quizzes` ENABLE KEYS */;

-- Dumping data for table quiz.quiz_questions: ~79 rows (approximately)
DELETE FROM `quiz_questions`;
/*!40000 ALTER TABLE `quiz_questions` DISABLE KEYS */;
INSERT INTO `quiz_questions` (`id`, `is_fixed_duration`, `fixed_duration`, `mark_wise_duration`, `mark`, `quiz_id`, `question_id`, `created_at`, `updated_at`) VALUES
	(1, 0, 0.00, 1, 7.00, 8, 69, '2021-06-26 12:18:17', '2021-06-26 12:18:17'),
	(2, 0, 0.00, 1, 10.00, 4, 47, '2021-06-26 12:18:17', '2021-06-26 12:18:17'),
	(3, 1, 1.00, 0, 9.00, 3, 45, '2021-06-26 12:18:17', '2021-06-26 12:18:17'),
	(4, 1, 1.00, 0, 1.00, 10, 22, '2021-06-26 12:18:17', '2021-06-26 12:18:17'),
	(5, 1, 1.00, 0, 10.00, 1, 64, '2021-06-26 12:18:17', '2021-06-26 12:18:17'),
	(6, 1, 1.00, 0, 1.00, 2, 50, '2021-06-26 12:18:17', '2021-06-26 12:18:17'),
	(7, 0, 0.00, 1, 1.00, 1, 70, '2021-06-26 12:18:17', '2021-06-26 12:18:17'),
	(8, 0, 0.00, 1, 2.00, 7, 88, '2021-06-26 12:18:17', '2021-06-26 12:18:17'),
	(9, 0, 0.00, 1, 2.00, 9, 9, '2021-06-26 12:18:17', '2021-06-26 12:18:17'),
	(10, 1, 1.00, 0, 2.00, 8, 51, '2021-06-26 12:18:17', '2021-06-26 12:18:17'),
	(11, 0, 0.00, 1, 7.00, 2, 9, '2021-06-26 12:18:17', '2021-06-26 12:18:17'),
	(12, 0, 0.00, 1, 8.00, 7, 21, '2021-06-26 12:18:17', '2021-06-26 12:18:17'),
	(13, 0, 0.00, 1, 8.00, 4, 99, '2021-06-26 12:18:17', '2021-06-26 12:18:17'),
	(14, 1, 1.00, 0, 7.00, 10, 93, '2021-06-26 12:18:17', '2021-06-26 12:18:17'),
	(15, 0, 0.00, 1, 1.00, 6, 64, '2021-06-26 12:18:17', '2021-06-26 12:18:17'),
	(16, 1, 1.00, 0, 2.00, 9, 44, '2021-06-26 12:18:17', '2021-06-26 12:18:17'),
	(17, 0, 0.00, 1, 2.00, 4, 73, '2021-06-26 12:18:17', '2021-06-26 12:18:17'),
	(18, 0, 0.00, 1, 9.00, 4, 58, '2021-06-26 12:18:17', '2021-06-26 12:18:17'),
	(19, 1, 1.00, 0, 4.00, 10, 88, '2021-06-26 12:18:17', '2021-06-26 12:18:17'),
	(20, 0, 0.00, 1, 1.00, 2, 96, '2021-06-26 12:18:17', '2021-06-26 12:18:17'),
	(21, 0, 0.00, 1, 9.00, 10, 54, '2021-06-26 12:18:17', '2021-06-26 12:18:17'),
	(22, 0, 0.00, 1, 5.00, 8, 14, '2021-06-26 12:18:17', '2021-06-26 12:18:17'),
	(23, 1, 1.00, 0, 7.00, 3, 89, '2021-06-26 12:18:17', '2021-06-26 12:18:17'),
	(24, 0, 0.00, 1, 10.00, 5, 97, '2021-06-26 12:18:17', '2021-06-26 12:18:17'),
	(25, 1, 1.00, 0, 1.00, 4, 68, '2021-06-26 12:18:17', '2021-06-26 12:18:17'),
	(26, 0, 0.00, 1, 1.00, 7, 99, '2021-06-26 12:18:17', '2021-06-26 12:18:17'),
	(27, 1, 1.00, 0, 1.00, 7, 73, '2021-06-26 12:18:17', '2021-06-26 12:18:17'),
	(28, 1, 1.00, 0, 1.00, 7, 82, '2021-06-26 12:18:17', '2021-06-26 12:18:17'),
	(29, 1, 1.00, 0, 9.00, 1, 49, '2021-06-26 12:18:17', '2021-06-26 12:18:17'),
	(30, 1, 1.00, 0, 1.00, 1, 85, '2021-06-26 12:18:17', '2021-06-26 12:18:17'),
	(31, 0, 0.00, 1, 7.00, 1, 10, '2021-06-26 12:18:17', '2021-06-26 12:18:17'),
	(32, 1, 1.00, 0, 7.00, 7, 45, '2021-06-26 12:18:17', '2021-06-26 12:18:17'),
	(33, 1, 1.00, 0, 6.00, 10, 97, '2021-06-26 12:18:18', '2021-06-26 12:18:18'),
	(34, 0, 0.00, 1, 1.00, 7, 8, '2021-06-26 12:18:18', '2021-06-26 12:18:18'),
	(35, 0, 0.00, 1, 7.00, 8, 100, '2021-06-26 12:18:18', '2021-06-26 12:18:18'),
	(36, 0, 0.00, 1, 4.00, 2, 21, '2021-06-26 12:18:18', '2021-06-26 12:18:18'),
	(37, 0, 0.00, 1, 3.00, 2, 9, '2021-06-26 12:18:18', '2021-06-26 12:18:18'),
	(38, 0, 0.00, 1, 4.00, 5, 71, '2021-06-26 12:18:18', '2021-06-26 12:18:18'),
	(39, 0, 0.00, 1, 3.00, 1, 69, '2021-06-26 12:18:18', '2021-06-26 12:18:18'),
	(40, 0, 0.00, 1, 2.00, 7, 53, '2021-06-26 12:18:18', '2021-06-26 12:18:18'),
	(41, 0, 0.00, 1, 7.00, 5, 81, '2021-06-26 12:18:18', '2021-06-26 12:18:18'),
	(42, 0, 0.00, 1, 1.00, 3, 24, '2021-06-26 12:18:18', '2021-06-26 12:18:18'),
	(43, 1, 1.00, 0, 7.00, 7, 82, '2021-06-26 12:18:18', '2021-06-26 12:18:18'),
	(44, 1, 1.00, 0, 1.00, 7, 96, '2021-06-26 12:18:18', '2021-06-26 12:18:18'),
	(45, 0, 0.00, 1, 4.00, 5, 41, '2021-06-26 12:18:18', '2021-06-26 12:18:18'),
	(46, 1, 1.00, 0, 6.00, 4, 71, '2021-06-26 12:18:18', '2021-06-26 12:18:18'),
	(47, 0, 0.00, 1, 7.00, 3, 53, '2021-06-26 12:18:18', '2021-06-26 12:18:18'),
	(48, 1, 1.00, 0, 8.00, 1, 4, '2021-06-26 12:18:18', '2021-06-26 12:18:18'),
	(49, 0, 0.00, 1, 3.00, 2, 96, '2021-06-26 12:18:18', '2021-06-26 12:18:18'),
	(50, 0, 0.00, 1, 1.00, 2, 69, '2021-06-26 12:18:18', '2021-06-26 12:18:18'),
	(51, 1, 1.00, 0, 4.00, 1, 28, '2021-06-26 12:18:18', '2021-06-26 12:18:18'),
	(52, 1, 1.00, 0, 7.00, 4, 63, '2021-06-26 12:18:18', '2021-06-26 12:18:18'),
	(53, 1, 1.00, 0, 4.00, 4, 65, '2021-06-26 12:18:18', '2021-06-26 12:18:18'),
	(54, 0, 0.00, 1, 8.00, 9, 64, '2021-06-26 12:18:18', '2021-06-26 12:18:18'),
	(55, 1, 1.00, 0, 1.00, 10, 81, '2021-06-26 12:18:18', '2021-06-26 12:18:18'),
	(56, 0, 0.00, 1, 7.00, 3, 30, '2021-06-26 12:18:18', '2021-06-26 12:18:18'),
	(57, 0, 0.00, 1, 3.00, 7, 35, '2021-06-26 12:18:18', '2021-06-26 12:18:18'),
	(58, 0, 0.00, 1, 6.00, 7, 56, '2021-06-26 12:18:18', '2021-06-26 12:18:18'),
	(59, 1, 1.00, 0, 10.00, 5, 94, '2021-06-26 12:18:18', '2021-06-26 12:18:18'),
	(60, 0, 0.00, 1, 10.00, 4, 43, '2021-06-26 12:18:18', '2021-06-26 12:18:18'),
	(61, 0, 0.00, 1, 7.00, 8, 77, '2021-06-26 12:18:18', '2021-06-26 12:18:18'),
	(62, 0, 0.00, 1, 1.00, 4, 27, '2021-06-26 12:18:18', '2021-06-26 12:18:18'),
	(63, 0, 0.00, 1, 9.00, 9, 60, '2021-06-26 12:18:18', '2021-06-26 12:18:18'),
	(64, 1, 1.00, 0, 6.00, 7, 65, '2021-06-26 12:18:18', '2021-06-26 12:18:18'),
	(65, 0, 0.00, 1, 6.00, 1, 76, '2021-06-26 12:18:18', '2021-06-26 12:18:18'),
	(66, 1, 1.00, 0, 2.00, 5, 55, '2021-06-26 12:18:18', '2021-06-26 12:18:18'),
	(67, 0, 0.00, 1, 9.00, 2, 8, '2021-06-26 12:18:18', '2021-06-26 12:18:18'),
	(68, 0, 0.00, 1, 10.00, 2, 20, '2021-06-26 12:18:18', '2021-06-26 12:18:18'),
	(69, 1, 1.00, 0, 3.00, 7, 72, '2021-06-26 12:18:18', '2021-06-26 12:18:18'),
	(70, 0, 0.00, 1, 2.00, 10, 60, '2021-06-26 12:18:18', '2021-06-26 12:18:18'),
	(71, 0, 0.00, 1, 7.00, 6, 77, '2021-06-26 12:18:18', '2021-06-26 12:18:18'),
	(72, 0, 0.00, 1, 9.00, 4, 84, '2021-06-26 12:18:18', '2021-06-26 12:18:18'),
	(73, 1, 1.00, 0, 4.00, 6, 99, '2021-06-26 12:18:18', '2021-06-26 12:18:18'),
	(74, 0, 0.00, 1, 7.00, 9, 60, '2021-06-26 12:18:18', '2021-06-26 12:18:18'),
	(75, 0, 0.00, 1, 4.00, 3, 63, '2021-06-26 12:18:18', '2021-06-26 12:18:18'),
	(76, 1, 1.00, 0, 5.00, 8, 38, '2021-06-26 12:18:18', '2021-06-26 12:18:18'),
	(77, 1, 1.00, 0, 7.00, 7, 5, '2021-06-26 12:18:18', '2021-06-26 12:18:18'),
	(78, 0, 0.00, 1, 8.00, 8, 34, '2021-06-26 12:18:18', '2021-06-26 12:18:18'),
	(79, 0, 0.00, 1, 3.00, 6, 13, '2021-06-26 12:18:18', '2021-06-26 12:18:18');
/*!40000 ALTER TABLE `quiz_questions` ENABLE KEYS */;

-- Dumping data for table quiz.users: ~2 rows (approximately)
DELETE FROM `users`;
/*!40000 ALTER TABLE `users` DISABLE KEYS */;
INSERT INTO `users` (`id`, `name`, `email`, `is_admin`, `email_verified_at`, `password`, `remember_token`, `created_at`, `updated_at`) VALUES
	(1, 'Admin', 'admin@mail.com', 1, '2021-06-26 12:18:16', '$2y$10$HJOSID/j6xjbAPjLUtl2/etZmr52eM2nF7kKxcBLmM4fPsA1lTHBS', 'FobObP0Bui', '2021-06-26 12:18:16', '2021-06-26 12:18:16'),
	(2, 'User', 'user@mail.com', 0, '2021-06-26 12:18:16', '$2y$10$c.BRSV/IREaoe65e3muYu.HqJSAzYl1H3dnofswHxu/aYgbjBOOHG', 'q0gvLaD217', '2021-06-26 12:18:16', '2021-06-26 12:18:16');
/*!40000 ALTER TABLE `users` ENABLE KEYS */;

-- Dumping data for table quiz.user_quizzes: ~0 rows (approximately)
DELETE FROM `user_quizzes`;
/*!40000 ALTER TABLE `user_quizzes` DISABLE KEYS */;
/*!40000 ALTER TABLE `user_quizzes` ENABLE KEYS */;

-- Dumping data for table quiz.user_quiz_questions: ~0 rows (approximately)
DELETE FROM `user_quiz_questions`;
/*!40000 ALTER TABLE `user_quiz_questions` DISABLE KEYS */;
/*!40000 ALTER TABLE `user_quiz_questions` ENABLE KEYS */;

/*!40101 SET SQL_MODE=IFNULL(@OLD_SQL_MODE, '') */;
/*!40014 SET FOREIGN_KEY_CHECKS=IFNULL(@OLD_FOREIGN_KEY_CHECKS, 1) */;
/*!40101 SET CHARACTER_SET_CLIENT=@OLD_CHARACTER_SET_CLIENT */;
/*!40111 SET SQL_NOTES=IFNULL(@OLD_SQL_NOTES, 1) */;
